state,route_name,route_link
Andhra Pradesh,Vijayawada to Hyderabad,https://www.redbus.in/bus-tickets/vijayawada-to-hyderabad
Andhra Pradesh,Hyderabad to Vijayawada,https://www.redbus.in/bus-tickets/hyderabad-to-vijayawada
Andhra Pradesh,Kakinada to Visakhapatnam,https://www.redbus.in/bus-tickets/kakinada-to-visakhapatnam
Andhra Pradesh,Visakhapatnam to Kakinada,https://www.redbus.in/bus-tickets/visakhapatnam-to-kakinada
Andhra Pradesh,Chittoor (Andhra Pradesh) to Bangalore,https://www.redbus.in/bus-tickets/chittoor-andhra-pradesh-to-bangalore
Andhra Pradesh,Kadapa to Bangalore,https://www.redbus.in/bus-tickets/kadapa-to-bangalore
Andhra Pradesh,Anantapur (andhra pradesh) to Bangalore,https://www.redbus.in/bus-tickets/ananthapur-to-bangalore
Andhra Pradesh,Tirupati to Bangalore,https://www.redbus.in/bus-tickets/tirupathi-to-bangalore
Andhra Pradesh,Visakhapatnam to Vijayawada,https://www.redbus.in/bus-tickets/visakhapatnam-to-vijayawada
Andhra Pradesh,Ongole to Hyderabad,https://www.redbus.in/bus-tickets/ongole-to-hyderabad
Andhra Pradesh,Bangalore to Tirupati,https://www.redbus.in/bus-tickets/bangalore-to-tirupathi
Andhra Pradesh,Macherla (andhra pradesh) to Hyderabad,https://www.redbus.in/bus-tickets/macherla-to-hyderabad
Andhra Pradesh,Rajahmundry to Visakhapatnam,https://www.redbus.in/bus-tickets/rajahmundry-to-visakhapatnam
Andhra Pradesh,Nandyal to Hyderabad,https://www.redbus.in/bus-tickets/nandyala-to-hyderabad
Andhra Pradesh,Bangalore to Kadapa,https://www.redbus.in/bus-tickets/bangalore-to-kadapa
Andhra Pradesh,Hyderabad to Ongole,https://www.redbus.in/bus-tickets/hyderabad-to-ongole
Andhra Pradesh,Guntur (Andhra Pradesh) to Hyderabad,https://www.redbus.in/bus-tickets/guntur-to-hyderabad
Andhra Pradesh,Vijayawada to Visakhapatnam,https://www.redbus.in/bus-tickets/vijayawada-to-visakhapatnam
Andhra Pradesh,Rajahmundry to Vijayawada,https://www.redbus.in/bus-tickets/rajahmundry-to-vijayawada
Andhra Pradesh,Hyderabad to Kurnool,https://www.redbus.in/bus-tickets/hyderabad-to-kurnool
Andhra Pradesh,Bangalore to Chittoor (Andhra Pradesh),https://www.redbus.in/bus-tickets/bangalore-to-chittoor-andhra-pradesh
Andhra Pradesh,Kurnool to Hyderabad,https://www.redbus.in/bus-tickets/kurnool-to-hyderabad
Andhra Pradesh,Visakhapatnam to Rajahmundry,https://www.redbus.in/bus-tickets/visakhapatnam-to-rajahmundry
Andhra Pradesh,Rayachoti to Bangalore,https://www.redbus.in/bus-tickets/rayachoti-to-bangalore
Andhra Pradesh,Vinukonda to Hyderabad,https://www.redbus.in/bus-tickets/vinukonda-to-hyderabad
Andhra Pradesh,Bangalore to Anantapur (andhra pradesh),https://www.redbus.in/bus-tickets/bangalore-to-ananthapur
Andhra Pradesh,Amalapuram to Visakhapatnam,https://www.redbus.in/bus-tickets/amalapuram-to-visakhapatnam
Andhra Pradesh,Vijayawada to Tirupati,https://www.redbus.in/bus-tickets/vijayawada-to-tirupathi
Andhra Pradesh,Madanapalli to Bangalore,https://www.redbus.in/bus-tickets/madanapalli-to-bangalore
Andhra Pradesh,Narasaraopet to Hyderabad,https://www.redbus.in/bus-tickets/narsaraopet-to-hyderabad
Andhra Pradesh,Eluru to Hyderabad,https://www.redbus.in/bus-tickets/eluru-to-hyderabad
Andhra Pradesh,Visakhapatnam to Amalapuram,https://www.redbus.in/bus-tickets/visakhapatnam-to-amalapuram
Andhra Pradesh,Kadiri to Bangalore,https://www.redbus.in/bus-tickets/kadiri-to-bangalore
Andhra Pradesh,Chennai to Tirupati,https://www.redbus.in/bus-tickets/chennai-to-tirupathi
Andhra Pradesh,Rajahmundry to Hyderabad,https://www.redbus.in/bus-tickets/rajahmundry-to-hyderabad
Andhra Pradesh,Kurnool to Vijayawada,https://www.redbus.in/bus-tickets/kurnool-to-vijayawada
Andhra Pradesh,Vijayawada to Kurnool,https://www.redbus.in/bus-tickets/vijayawada-to-kurnool
Andhra Pradesh,Kakinada to Vijayawada,https://www.redbus.in/bus-tickets/kakinada-to-vijayawada
Andhra Pradesh,Bangalore to Madanapalli,https://www.redbus.in/bus-tickets/bangalore-to-madanapalli
Andhra Pradesh,Nellore to Bangalore,https://www.redbus.in/bus-tickets/nellore-to-bangalore
Andhra Pradesh,Hyderabad to Narasaraopet,https://www.redbus.in/bus-tickets/hyderabad-to-narsaraopet
Andhra Pradesh,Hyderabad to Guntur (Andhra Pradesh),https://www.redbus.in/bus-tickets/hyderabad-to-guntur
Andhra Pradesh,Bangalore to Kadiri,https://www.redbus.in/bus-tickets/bangalore-to-kadiri
Andhra Pradesh,Vijayawada to Rajahmundry,https://www.redbus.in/bus-tickets/vijayawada-to-rajahmundry
Andhra Pradesh,Bangalore to Rayachoti,https://www.redbus.in/bus-tickets/bangalore-to-rayachoti
Andhra Pradesh,Kurnool to Bangalore,https://www.redbus.in/bus-tickets/kurnool-to-bangalore
Andhra Pradesh,Tirupati to Chennai,https://www.redbus.in/bus-tickets/tirupathi-to-chennai
Andhra Pradesh,Hyderabad to Anantapur (andhra pradesh),https://www.redbus.in/bus-tickets/hyderabad-to-ananthapur
Andhra Pradesh,Anantapur (andhra pradesh) to Hyderabad,https://www.redbus.in/bus-tickets/ananthapur-to-hyderabad
Assam,Tezpur to Guwahati,https://www.redbus.in/bus-tickets/tezpur-to-guwahati
Assam,Guwahati to Tezpur,https://www.redbus.in/bus-tickets/guwahati-to-tezpur
Assam,Nagaon (Assam) to Guwahati,https://www.redbus.in/bus-tickets/nagaon-to-guwahati
Assam,Guwahati to Nagaon (Assam),https://www.redbus.in/bus-tickets/guwahati-to-nagaon
Assam,Goalpara to Guwahati,https://www.redbus.in/bus-tickets/goalpara-to-guwahati
Assam,Jorhat to North Lakhimpur,https://www.redbus.in/bus-tickets/jorhat-to-north-lakhimpur
Assam,Dhubri to Guwahati,https://www.redbus.in/bus-tickets/dhubri-to-guwahati
Assam,Guwahati to Dhubri,https://www.redbus.in/bus-tickets/guwahati-to-dhubri
Assam,North Lakhimpur to Sibsagar,https://www.redbus.in/bus-tickets/north-lakhimpur-to-sibsagar
Assam,North Lakhimpur to Jorhat,https://www.redbus.in/bus-tickets/north-lakhimpur-to-jorhat
Assam,Dhekiajuli to Guwahati,https://www.redbus.in/bus-tickets/dhekiajuli-to-guwahati
Assam,Jorhat to Dibrugarh,https://www.redbus.in/bus-tickets/jorhat-to-dibrugarh
Assam,Jorhat to Dhemaji,https://www.redbus.in/bus-tickets/jorhat-to-dhemaji
Assam,Sibsagar to North Lakhimpur,https://www.redbus.in/bus-tickets/sibsagar-to-north-lakhimpur
Assam,Dhemaji to Jorhat,https://www.redbus.in/bus-tickets/dhemaji-to-jorhat
Assam,Tezpur to Dibrugarh,https://www.redbus.in/bus-tickets/tezpur-to-dibrugarh
Assam,Haflong to Guwahati,https://www.redbus.in/bus-tickets/haflong-to-guwahati
Assam,North Lakhimpur to Dibrugarh,https://www.redbus.in/bus-tickets/north-lakhimpur-to-dibrugarh
Assam,Jorhat to Tinsukia,https://www.redbus.in/bus-tickets/jorhat-to-tinsukia
Assam,Dibrugarh to Tezpur,https://www.redbus.in/bus-tickets/dibrugarh-to-tezpur
Assam,Guwahati to Biswanath Charali,https://www.redbus.in/bus-tickets/guwahati-to-biswanath-charali
Assam,Guwahati to Haflong,https://www.redbus.in/bus-tickets/guwahati-to-haflong
Assam,Dibrugarh to North Lakhimpur,https://www.redbus.in/bus-tickets/dibrugarh-to-north-lakhimpur
Assam,Nagaon (Assam) to Haflong,https://www.redbus.in/bus-tickets/nagaon-to-haflong
Assam,Tezpur to Moran,https://www.redbus.in/bus-tickets/tezpur-to-moran
Assam,Dibrugarh to Jorhat,https://www.redbus.in/bus-tickets/dibrugarh-to-jorhat
Assam,Guwahati to Silchar,https://www.redbus.in/bus-tickets/guwahati-to-silchar
Assam,Bihpuria to Dibrugarh,https://www.redbus.in/bus-tickets/bihpuria-to-dibrugarh
Assam,Haflong to Nagaon (Assam),https://www.redbus.in/bus-tickets/haflong-to-nagaon
Assam,North Lakhimpur to Tezpur,https://www.redbus.in/bus-tickets/north-lakhimpur-to-tezpur
Assam,Biswanath Charali to Guwahati,https://www.redbus.in/bus-tickets/biswanath-charali-to-guwahati
Assam,Biswanath Charali to Dibrugarh,https://www.redbus.in/bus-tickets/biswanath-charali-to-dibrugarh
Assam,Tinsukia to Jorhat,https://www.redbus.in/bus-tickets/tinsukia-to-jorhat
Assam,Moran to Tezpur,https://www.redbus.in/bus-tickets/moran-to-tezpur
Assam,Jorhat to Gogamukh,https://www.redbus.in/bus-tickets/jorhat-to-gogamukh
Assam,Dibrugarh to Biswanath Charali,https://www.redbus.in/bus-tickets/dibrugarh-to-biswanath-charali
Assam,Gohpur to Guwahati,https://www.redbus.in/bus-tickets/gohpur-to-guwahati
Assam,Tinsukia to Tezpur,https://www.redbus.in/bus-tickets/tinsukia-to-tezpur
Assam,North Lakhimpur to Golaghat,https://www.redbus.in/bus-tickets/north-lakhimpur-to-golaghat
Assam,Golaghat to North Lakhimpur,https://www.redbus.in/bus-tickets/golaghat-to-north-lakhimpur
Assam,Silchar to Guwahati,https://www.redbus.in/bus-tickets/silchar-to-guwahati
Assam,Bokakhat to Dibrugarh,https://www.redbus.in/bus-tickets/bokakhat-to-dibrugarh
Assam,North Lakhimpur to Moran,https://www.redbus.in/bus-tickets/north-lakhimpur-to-moran
Assam,Tezpur to North Lakhimpur,https://www.redbus.in/bus-tickets/tezpur-to-north-lakhimpur
Assam,Tezpur to Tinsukia,https://www.redbus.in/bus-tickets/tezpur-to-tinsukia
Assam,Dibrugarh to Bihpuria,https://www.redbus.in/bus-tickets/dibrugarh-to-bihpuria
Assam,Dibrugarh to Bokakhat,https://www.redbus.in/bus-tickets/dibrugarh-to-bokakhat
Assam,Diphu to Guwahati,https://www.redbus.in/bus-tickets/diphu-to-guwahati
Assam,Guwahati to Diphu,https://www.redbus.in/bus-tickets/guwahati-to-diphu
Assam,Bokolia (assam) to Guwahati,https://www.redbus.in/bus-tickets/bokolia-assam-to-guwahati
Assam,Dokmoka to Guwahati,https://www.redbus.in/bus-tickets/dokmoka-to-guwahati
Assam,Guwahati to Dokmoka,https://www.redbus.in/bus-tickets/guwahati-to-dokmoka
Assam,Guwahati to Bokolia (assam),https://www.redbus.in/bus-tickets/guwahati-to-bokolia-assam
Assam,Langhin (assam) to Guwahati,https://www.redbus.in/bus-tickets/langhin-assam-to-guwahati
Assam,Diphu to Hamren,https://www.redbus.in/bus-tickets/diphu-to-hamren
Assam,Guwahati to Langhin (assam),https://www.redbus.in/bus-tickets/guwahati-to-langhin-assam
Assam,Guwahati to Manja (assam),https://www.redbus.in/bus-tickets/guwahati-to-manja-assam
Assam,Manja (assam) to Guwahati,https://www.redbus.in/bus-tickets/manja-assam-to-guwahati
Assam,Hamren to Diphu,https://www.redbus.in/bus-tickets/hamren-to-diphu
Bihar,Patna (Bihar) to Bettiah,https://www.redbus.in/bus-tickets/patna-to-bettiah
Bihar,Gopalganj (Bihar) to Delhi,https://www.redbus.in/bus-tickets/gopalganj-to-delhi
Bihar,Patna (Bihar) to Motihari,https://www.redbus.in/bus-tickets/patna-to-motihari
Bihar,Delhi to Motihari,https://www.redbus.in/bus-tickets/delhi-to-motihari
Bihar,Bettiah to Patna (Bihar),https://www.redbus.in/bus-tickets/bettiah-to-patna
Bihar,Motihari to Delhi,https://www.redbus.in/bus-tickets/motihari-to-delhi
Bihar,Patna (Bihar) to Balmiki Nagar (bihar),https://www.redbus.in/bus-tickets/patna-to-balmiki-nagar-bihar
Bihar,Balmiki Nagar (bihar) to Patna (Bihar),https://www.redbus.in/bus-tickets/balmiki-nagar-bihar-to-patna
Bihar,Patna (Bihar) to Kathmandu,https://www.redbus.in/bus-tickets/patna-to-kathmandu
Bihar,Patna (Bihar) to Katihar,https://www.redbus.in/bus-tickets/patna-to-katihar
Bihar,Patna (Bihar) to Purnea,https://www.redbus.in/bus-tickets/patna-to-purnea
Bihar,Patna (Bihar) to Hazaribagh,https://www.redbus.in/bus-tickets/patna-to-hazaribagh
Bihar,Ranchi to Patna (Bihar),https://www.redbus.in/bus-tickets/ranchi-to-patna
Bihar,Hazaribagh to Patna (Bihar),https://www.redbus.in/bus-tickets/hazaribagh-to-patna
Bihar,Patna (Bihar) to Raxaul,https://www.redbus.in/bus-tickets/patna-to-raxaul
Bihar,Muzaffarpur (Bihar) to Kathmandu,https://www.redbus.in/bus-tickets/muzaffarpur-to-kathmandu
Bihar,Patna (Bihar) to Ranchi,https://www.redbus.in/bus-tickets/patna-to-ranchi
Bihar,Muzaffarpur (Bihar) to Ranchi,https://www.redbus.in/bus-tickets/muzaffarpur-to-ranchi
Bihar,Kathmandu to Patna (Bihar),https://www.redbus.in/bus-tickets/kathmandu-to-patna
Bihar,Ranchi to Muzaffarpur (Bihar),https://www.redbus.in/bus-tickets/ranchi-to-muzaffarpur
Bihar,Motihari to Lucknow,https://www.redbus.in/bus-tickets/motihari-to-lucknow
Bihar,Lucknow to Motihari,https://www.redbus.in/bus-tickets/lucknow-to-motihari
Bihar,Motihari to Kathmandu,https://www.redbus.in/bus-tickets/motihari-to-kathmandu
Bihar,Agra to Motihari,https://www.redbus.in/bus-tickets/agra-to-motihari
Bihar,Patna (Bihar) to Janakpur (Nepal),https://www.redbus.in/bus-tickets/patna-to-janakpur-nepal
Bihar,Muzaffarpur (Bihar) to Hazaribagh,https://www.redbus.in/bus-tickets/muzaffarpur-to-hazaribagh
Bihar,Purnea to Patna (Bihar),https://www.redbus.in/bus-tickets/purnea-to-patna
Bihar,Patna (Bihar) to Araria (Bihar),https://www.redbus.in/bus-tickets/patna-to-araria
Bihar,Darbhanga to Patna (Bihar),https://www.redbus.in/bus-tickets/darbhanga-to-patna
Bihar,Patna (Bihar) to Saharsa,https://www.redbus.in/bus-tickets/patna-to-saharsa
Bihar,Motihari to Agra,https://www.redbus.in/bus-tickets/motihari-to-agra
Bihar,Hajipur (Bihar) to Kathmandu,https://www.redbus.in/bus-tickets/hajipur-to-kathmandu
Bihar,Kathmandu to Motihari,https://www.redbus.in/bus-tickets/kathmandu-to-motihari
Bihar,Patna (Bihar) to Forbesganj,https://www.redbus.in/bus-tickets/patna-to-forbesganj
Bihar,Ranchi to Hajipur (Bihar),https://www.redbus.in/bus-tickets/ranchi-to-hajipur
Bihar,Lucknow to Gopalganj (Bihar),https://www.redbus.in/bus-tickets/lucknow-to-gopalganj
Himachal,Delhi to Shimla,https://www.redbus.in/bus-tickets/delhi-to-shimla
Himachal,Shimla to Delhi,https://www.redbus.in/bus-tickets/shimla-to-delhi
Himachal,Manali to Chandigarh,https://www.redbus.in/bus-tickets/manali-to-chandigarh
Himachal,Chandigarh to Manali,https://www.redbus.in/bus-tickets/chandigarh-to-manali
Himachal,Delhi to Manali,https://www.redbus.in/bus-tickets/delhi-to-manali
Himachal,Hamirpur (Himachal Pradesh) to Chandigarh,https://www.redbus.in/bus-tickets/hamirpur-himachal-pradesh-to-chandigarh
Himachal,Delhi to Hamirpur (Himachal Pradesh),https://www.redbus.in/bus-tickets/delhi-to-hamirpur-himachal-pradesh
Himachal,Delhi to Chandigarh,https://www.redbus.in/bus-tickets/delhi-to-chandigarh
Himachal,Manali to Delhi,https://www.redbus.in/bus-tickets/manali-to-delhi
Himachal,Hamirpur (Himachal Pradesh) to Delhi,https://www.redbus.in/bus-tickets/hamirpur-himachal-pradesh-to-delhi
Himachal,Chandigarh to Hamirpur (Himachal Pradesh),https://www.redbus.in/bus-tickets/chandigarh-to-hamirpur-himachal-pradesh
Himachal,Shimla to Manali,https://www.redbus.in/bus-tickets/shimla-to-manali
Himachal,Delhi to Dharamshala (Himachal Pradesh),https://www.redbus.in/bus-tickets/delhi-to-dharamshala
Himachal,Shimla to Chandigarh,https://www.redbus.in/bus-tickets/shimla-to-chandigarh
Himachal,Chandigarh to Dharamshala (Himachal Pradesh),https://www.redbus.in/bus-tickets/chandigarh-to-dharamshala
Himachal,Delhi to Baddi (Himachal Pradesh),https://www.redbus.in/bus-tickets/delhi-to-baddi-himachal-pradesh
Himachal,Dharamshala (Himachal Pradesh) to Chandigarh,https://www.redbus.in/bus-tickets/dharamshala-to-chandigarh
Himachal,Chamba (Himachal Pradesh) to Chandigarh,https://www.redbus.in/bus-tickets/chamba-himachal-pradesh-to-chandigarh
Himachal,Delhi to Dalhousie,https://www.redbus.in/bus-tickets/delhi-to-dalhousie
Himachal,Delhi to Chamba (Himachal Pradesh),https://www.redbus.in/bus-tickets/delhi-to-chamba-himachal-pradesh
Himachal,Dalhousie to Delhi,https://www.redbus.in/bus-tickets/dalhousie-to-delhi
Himachal,Solan to Delhi,https://www.redbus.in/bus-tickets/solan-to-delhi
Himachal,Delhi to Palampur,https://www.redbus.in/bus-tickets/delhi-to-palampur
Himachal,Dharamshala (Himachal Pradesh) to Delhi,https://www.redbus.in/bus-tickets/dharamshala-to-delhi
Himachal,Delhi to Solan,https://www.redbus.in/bus-tickets/delhi-to-solan
Himachal,Chandigarh to Reckong Peo (Himachal Pradesh),https://www.redbus.in/bus-tickets/chandigarh-to-reckong-peo-himachal-pradesh
Himachal,Manali to Shimla,https://www.redbus.in/bus-tickets/manali-to-shimla
Himachal,Palampur to Delhi,https://www.redbus.in/bus-tickets/palampur-to-delhi
Himachal,Chandigarh to Kullu,https://www.redbus.in/bus-tickets/chandigarh-to-kullu
Himachal,Kangra to Chandigarh,https://www.redbus.in/bus-tickets/kangra-to-chandigarh
Himachal,Kullu to Chandigarh,https://www.redbus.in/bus-tickets/kullu-to-chandigarh
Himachal,Delhi to Kangra,https://www.redbus.in/bus-tickets/delhi-to-kangra
Himachal,Chamba (Himachal Pradesh) to Delhi,https://www.redbus.in/bus-tickets/chamba-himachal-pradesh-to-delhi
Himachal,Palampur to Chandigarh,https://www.redbus.in/bus-tickets/palampur-to-chandigarh
Himachal,Chandigarh to Shimla,https://www.redbus.in/bus-tickets/chandigarh-to-shimla
Himachal,Chandigarh to Kangra,https://www.redbus.in/bus-tickets/chandigarh-to-kangra
Himachal,Delhi to Nalagarh,https://www.redbus.in/bus-tickets/delhi-to-nalagarh
Himachal,Baddi (Himachal Pradesh) to Delhi,https://www.redbus.in/bus-tickets/baddi-himachal-pradesh-to-delhi
Himachal,Kangra to Delhi,https://www.redbus.in/bus-tickets/kangra-to-delhi
Himachal,Ghumarwin to Delhi,https://www.redbus.in/bus-tickets/ghumarwin-to-delhi
Himachal,Delhi to Sarkaghat,https://www.redbus.in/bus-tickets/delhi-to-sarkaghat
Jammu and Kashmir,Jammu (j and k) to Srinagar,https://www.redbus.in/bus-tickets/jammu-to-srinagar
Jammu and Kashmir,Delhi to Srinagar,https://www.redbus.in/bus-tickets/delhi-to-srinagar
Jammu and Kashmir,Srinagar to Jammu (j and k),https://www.redbus.in/bus-tickets/srinagar-to-jammu
Jammu and Kashmir,Jammu (j and k) to Haridwar,https://www.redbus.in/bus-tickets/jammu-to-haridwar
Jammu and Kashmir,Jammu (j and k) to Delhi,https://www.redbus.in/bus-tickets/jammu-to-delhi
Jammu and Kashmir,Delhi to Jammu (j and k),https://www.redbus.in/bus-tickets/delhi-to-jammu
Jammu and Kashmir,Katra (jammu and kashmir) to Jammu (j and k),https://www.redbus.in/bus-tickets/katra-to-jammu
Jammu and Kashmir,Jammu (j and k) to Katra (jammu and kashmir),https://www.redbus.in/bus-tickets/jammu-to-katra
Jammu and Kashmir,Mendhar (J & K) to Jammu (j and k),https://www.redbus.in/bus-tickets/mendhar-j-k-to-jammu
Jammu and Kashmir,Jammu (j and k) to Poonch,https://www.redbus.in/bus-tickets/jammu-to-poonch
Jammu and Kashmir,Haridwar to Jammu (j and k),https://www.redbus.in/bus-tickets/haridwar-to-jammu
Jammu and Kashmir,Chandigarh to Jammu (j and k),https://www.redbus.in/bus-tickets/chandigarh-to-jammu
Jammu and Kashmir,Jammu (j and k) to Kishtwar,https://www.redbus.in/bus-tickets/jammu-to-kishtwar
Jammu and Kashmir,Jammu (j and k) to Mendhar (J & K),https://www.redbus.in/bus-tickets/jammu-to-mendhar-j-k
Jammu and Kashmir,Jammu (j and k) to Amritsar,https://www.redbus.in/bus-tickets/jammu-to-amritsar
Jammu and Kashmir,Ajmer to Jammu (j and k),https://www.redbus.in/bus-tickets/ajmer-to-jammu
Kerala,Bangalore to Kozhikode,https://www.redbus.in/bus-tickets/bangalore-to-kozhikode
Kerala,Kozhikode to Ernakulam,https://www.redbus.in/bus-tickets/kozhikode-to-ernakulam
Kerala,Kozhikode to Bangalore,https://www.redbus.in/bus-tickets/kozhikode-to-bangalore
Kerala,Ernakulam to Kozhikode,https://www.redbus.in/bus-tickets/ernakulam-to-kozhikode
Kerala,Kozhikode to Mysore,https://www.redbus.in/bus-tickets/kozhikode-to-mysore
Kerala,Kozhikode to Thiruvananthapuram,https://www.redbus.in/bus-tickets/kozhikode-to-thiruvananthapuram
Kerala,Bangalore to Kalpetta (kerala),https://www.redbus.in/bus-tickets/bangalore-to-kalpetta
Kerala,Mysore to Kozhikode,https://www.redbus.in/bus-tickets/mysore-to-kozhikode
Kerala,Kalpetta (kerala) to Bangalore,https://www.redbus.in/bus-tickets/kalpetta-to-bangalore
Kerala,Kozhikode to Thrissur,https://www.redbus.in/bus-tickets/kozhikode-to-thrissur
Kerala,Thiruvananthapuram to Kozhikode,https://www.redbus.in/bus-tickets/thiruvananthapuram-to-kozhikode
Kerala,Bangalore to Kannur,https://www.redbus.in/bus-tickets/bangalore-to-kannur
Kerala,Kozhikode to Kottayam,https://www.redbus.in/bus-tickets/kozhikode-to-kottayam
Kerala,Kannur to Bangalore,https://www.redbus.in/bus-tickets/kannur-to-bangalore
Kerala,Kottayam to Kozhikode,https://www.redbus.in/bus-tickets/kottayam-to-kozhikode
Kerala,Thrissur to Kozhikode,https://www.redbus.in/bus-tickets/thrissur-to-kozhikode
Kerala,Kozhikode to Kalpetta (kerala),https://www.redbus.in/bus-tickets/kozhikode-to-kalpetta
Kerala,Coimbatore to Ooty,https://www.redbus.in/bus-tickets/coimbatore-to-ooty
Kerala,Kalpetta (kerala) to Kozhikode,https://www.redbus.in/bus-tickets/kalpetta-to-kozhikode
Kadamba,Pune to Goa,https://www.redbus.in/bus-tickets/pune-to-goa
Kadamba,Goa to Pune,https://www.redbus.in/bus-tickets/goa-to-pune
Kadamba,Mumbai to Goa,https://www.redbus.in/bus-tickets/mumbai-to-goa
Kadamba,Goa to Mumbai,https://www.redbus.in/bus-tickets/goa-to-mumbai
Kadamba,Pandharpur to Goa,https://www.redbus.in/bus-tickets/pandharpur-to-goa
Kadamba,Bangalore to Goa,https://www.redbus.in/bus-tickets/bangalore-to-goa
Kadamba,Goa to Pandharpur,https://www.redbus.in/bus-tickets/goa-to-pandharpur
Kadamba,Belagavi to Goa,https://www.redbus.in/bus-tickets/belagavi-to-goa
Kadamba,Goa to Bangalore,https://www.redbus.in/bus-tickets/goa-to-bangalore
Kadamba,Solapur to Goa,https://www.redbus.in/bus-tickets/solapur-to-goa
Kadamba,Goa to Kolhapur(Maharashtra),https://www.redbus.in/bus-tickets/goa-to-kolhapur-maharashtra
Kadamba,Goa to Solapur,https://www.redbus.in/bus-tickets/goa-to-solapur
Kadamba,Goa to Sangola (Solapur),https://www.redbus.in/bus-tickets/goa-to-sangola
Kadamba,Sangola (Solapur) to Goa,https://www.redbus.in/bus-tickets/sangola-to-goa
Kadamba,Calangute (goa) to Goa Airport,https://www.redbus.in/bus-tickets/calangute-goa-to-goa-airport
Kadamba,Goa to Sangli,https://www.redbus.in/bus-tickets/goa-to-sangli
Kadamba,Calangute (goa) to Mopa Airport,https://www.redbus.in/bus-tickets/calangute-goa-to-mopa-airport
Kadamba,Mopa Airport to Calangute (goa),https://www.redbus.in/bus-tickets/mopa-airport-to-calangute-goa
Kadamba,Ponda to Belagavi,https://www.redbus.in/bus-tickets/ponda-to-belagavi
Kadamba,Goa to Miraj,https://www.redbus.in/bus-tickets/goa-to-miraj
Kadamba,Goa Airport to Calangute (goa),https://www.redbus.in/bus-tickets/goa-airport-to-calangute-goa
Kadamba,Marcel to Belagavi,https://www.redbus.in/bus-tickets/marcel-to-belagavi
Kadamba,Shivamogga to Goa,https://www.redbus.in/bus-tickets/shimoga-to-goa
Kadamba,Goa to Mopa Airport,https://www.redbus.in/bus-tickets/goa-to-mopa-airport
Kadamba,Goa to Satara,https://www.redbus.in/bus-tickets/goa-to-satara
Kadamba,Belagavi to Marcel,https://www.redbus.in/bus-tickets/belagavi-to-marcel
Kadamba,Mopa Airport to Goa,https://www.redbus.in/bus-tickets/mopa-airport-to-goa
Kadamba,Shirdi to Goa,https://www.redbus.in/bus-tickets/shirdi-to-goa
Kadamba,Goa to Shivamogga,https://www.redbus.in/bus-tickets/goa-to-shimoga
Kadamba,Goa to Shirdi,https://www.redbus.in/bus-tickets/goa-to-shirdi
Kadamba,Goa to Goa Airport,https://www.redbus.in/bus-tickets/goa-to-goa-airport
Kadamba,Margao to Mopa Airport,https://www.redbus.in/bus-tickets/margoa-to-mopa-airport
Kadamba,Goa Airport to Goa,https://www.redbus.in/bus-tickets/goa-airport-to-goa
Kadamba,Mopa Airport to Margao,https://www.redbus.in/bus-tickets/mopa-airport-to-margoa
Kadamba,Belagavi to Saquelim,https://www.redbus.in/bus-tickets/belagavi-to-saquelim
Kadamba,Panaji to Mopa Airport,https://www.redbus.in/bus-tickets/panaji-to-mopa-airport
Kadamba,Saquelim to Belagavi,https://www.redbus.in/bus-tickets/saquelim-to-belagavi
Kadamba,Calangute (goa) to Goa,https://www.redbus.in/bus-tickets/calangute-goa-to-goa
Kadamba,Calangute (goa) to Panaji,https://www.redbus.in/bus-tickets/calangute-goa-to-panaji
Kadamba,Goa Airport to Panaji,https://www.redbus.in/bus-tickets/goa-airport-to-panaji
Meghalaya,Guwahati to Shillong,https://www.redbus.in/bus-tickets/guwahati-to-shillong
Meghalaya,Shillong to Tura (Meghalaya),https://www.redbus.in/bus-tickets/shillong-to-tura-meghalaya
Meghalaya,Shillong to Guwahati,https://www.redbus.in/bus-tickets/shillong-to-guwahati
Meghalaya,Tura (Meghalaya) to Shillong,https://www.redbus.in/bus-tickets/tura-meghalaya-to-shillong
Meghalaya,Shillong to Silchar,https://www.redbus.in/bus-tickets/shillong-to-silchar
Meghalaya,Silchar to Shillong,https://www.redbus.in/bus-tickets/silchar-to-shillong
Meghalaya,Shillong to Karimganj,https://www.redbus.in/bus-tickets/shillong-to-karimganj
Meghalaya,Shillong to Williamnagar (Meghalaya),https://www.redbus.in/bus-tickets/shillong-to-williamnagar-meghalaya
Meghalaya,Karimganj to Shillong,https://www.redbus.in/bus-tickets/karimganj-to-shillong
Meghalaya,Williamnagar (Meghalaya) to Shillong,https://www.redbus.in/bus-tickets/williamnagar-meghalaya-to-shillong
Meghalaya,Shillong to Hailakandi,https://www.redbus.in/bus-tickets/shillong-to-hailakandi
Meghalaya,Shillong to Ramkrishnanagar,https://www.redbus.in/bus-tickets/shillong-to-ramkrishnanagar
Meghalaya,Hailakandi to Shillong,https://www.redbus.in/bus-tickets/hailakandi-to-shillong
Meghalaya,Ramkrishnanagar to Shillong,https://www.redbus.in/bus-tickets/ramkrishnanagar-to-shillong
Meghalaya,Shillong to Phulbari,https://www.redbus.in/bus-tickets/shillong-to-phulbari
Patiala and the East Punjab,Patiala to Delhi,https://www.redbus.in/bus-tickets/patiala-to-delhi
Patiala and the East Punjab,Delhi to Patiala,https://www.redbus.in/bus-tickets/delhi-to-patiala
Patiala and the East Punjab,Ludhiana to Delhi,https://www.redbus.in/bus-tickets/ludhiana-to-delhi
Patiala and the East Punjab,Delhi to Ludhiana,https://www.redbus.in/bus-tickets/delhi-to-ludhiana
Patiala and the East Punjab,Phagwara to Delhi,https://www.redbus.in/bus-tickets/phagwara-to-delhi
Patiala and the East Punjab,Jalandhar to Delhi,https://www.redbus.in/bus-tickets/jalandhar-to-delhi
Patiala and the East Punjab,Delhi to Jalandhar,https://www.redbus.in/bus-tickets/delhi-to-jalandhar
Patiala and the East Punjab,Patiala to Delhi Airport,https://www.redbus.in/bus-tickets/patiala-to-delhi-airport
Patiala and the East Punjab,Jalandhar to Delhi Airport,https://www.redbus.in/bus-tickets/jalandhar-to-delhi-airport
Patiala and the East Punjab,Ludhiana to Delhi Airport,https://www.redbus.in/bus-tickets/ludhiana-to-delhi-airport
Patiala and the East Punjab,Phagwara to Delhi Airport,https://www.redbus.in/bus-tickets/phagwara-to-delhi-airport
Patiala and the East Punjab,Delhi Airport to Ludhiana,https://www.redbus.in/bus-tickets/delhi-airport-to-ludhiana
Patiala and the East Punjab,Delhi to Phagwara,https://www.redbus.in/bus-tickets/delhi-to-phagwara
Patiala and the East Punjab,Delhi to Amritsar,https://www.redbus.in/bus-tickets/delhi-to-amritsar
Patiala and the East Punjab,Amritsar to Delhi,https://www.redbus.in/bus-tickets/amritsar-to-delhi
Patiala and the East Punjab,Delhi Airport to Patiala,https://www.redbus.in/bus-tickets/delhi-airport-to-patiala
Patiala and the East Punjab,Amritsar to Delhi Airport,https://www.redbus.in/bus-tickets/amritsar-to-delhi-airport
Patiala and the East Punjab,Kapurthala to Delhi,https://www.redbus.in/bus-tickets/kapurthala-to-delhi
Patiala and the East Punjab,Delhi Airport to Jalandhar,https://www.redbus.in/bus-tickets/delhi-airport-to-jalandhar
Patiala and the East Punjab,Chandigarh to Bathinda,https://www.redbus.in/bus-tickets/chandigarh-to-bathinda
Patiala and the East Punjab,Chandigarh to Faridkot,https://www.redbus.in/bus-tickets/chandigarh-to-faridkot
Patiala and the East Punjab,Chandigarh to Patiala,https://www.redbus.in/bus-tickets/chandigarh-to-patiala
Rajasthan,Jodhpur to Ajmer,https://www.redbus.in/bus-tickets/jodhpur-to-ajmer
Rajasthan,Beawar (Rajasthan) to Jaipur (Rajasthan),https://www.redbus.in/bus-tickets/beawer-to-jaipur
Rajasthan,Udaipur to Jodhpur,https://www.redbus.in/bus-tickets/udaipur-to-jodhpur
Rajasthan,Jaipur (Rajasthan) to Jodhpur,https://www.redbus.in/bus-tickets/jaipur-to-jodhpur
Rajasthan,Sikar to Jaipur (Rajasthan),https://www.redbus.in/bus-tickets/sikar-to-jaipur
Rajasthan,Kishangarh to Jaipur (Rajasthan),https://www.redbus.in/bus-tickets/kishangarh-to-jaipur
Rajasthan,Aligarh (uttar pradesh) to Jaipur (Rajasthan),https://www.redbus.in/bus-tickets/aligarh-uttar-pradesh-to-jaipur
Rajasthan,Jodhpur to Beawar (Rajasthan),https://www.redbus.in/bus-tickets/jodhpur-to-beawer
Rajasthan,Kota(Rajasthan) to Jaipur (Rajasthan),https://www.redbus.in/bus-tickets/kota-rajasthan-to-jaipur
Rajasthan,Jaipur (Rajasthan) to Aligarh (uttar pradesh),https://www.redbus.in/bus-tickets/jaipur-to-aligarh-uttar-pradesh
Rajasthan,Jaipur (Rajasthan) to Kota(Rajasthan),https://www.redbus.in/bus-tickets/jaipur-to-kota-rajasthan
Rajasthan,Pali (Rajasthan) to Udaipur,https://www.redbus.in/bus-tickets/pali-to-udaipur
Rajasthan,Udaipur to Pali (Rajasthan),https://www.redbus.in/bus-tickets/udaipur-to-pali-rajasthan
Rajasthan,Sikar to Bikaner,https://www.redbus.in/bus-tickets/sikar-to-bikaner
Rajasthan,Jaipur (Rajasthan) to Bharatpur,https://www.redbus.in/bus-tickets/jaipur-to-bharatpur
Rajasthan,Kishangarh to Jodhpur,https://www.redbus.in/bus-tickets/kishangarh-to-jodhpur
Rajasthan,Jaipur (Rajasthan) to Bhilwara,https://www.redbus.in/bus-tickets/jaipur-to-bhilwara
Rajasthan,Kota(Rajasthan) to Udaipur,https://www.redbus.in/bus-tickets/kota-rajasthan-to-udaipur
Rajasthan,Jaipur (Rajasthan) to Pilani,https://www.redbus.in/bus-tickets/jaipur-to-pilani
Rajasthan,Jaipur (Rajasthan) to Mathura,https://www.redbus.in/bus-tickets/jaipur-to-mathura
Rajasthan,Bikaner to Sikar,https://www.redbus.in/bus-tickets/bikaner-to-sikar
Sikkim,Gangtok to Siliguri,https://www.redbus.in/bus-tickets/gangtok-to-siliguri
Sikkim,Siliguri to Gangtok,https://www.redbus.in/bus-tickets/siliguri-to-gangtok
Sikkim,Siliguri to Rangpo,https://www.redbus.in/bus-tickets/siliguri-to-rangpo
Sikkim,Rangpo to Siliguri,https://www.redbus.in/bus-tickets/rangpo-to-siliguri
Sikkim,Siliguri to Pelling (Sikkim),https://www.redbus.in/bus-tickets/siliguri-to-pelling-sikkim
Sikkim,Pelling (Sikkim) to Siliguri,https://www.redbus.in/bus-tickets/pelling-sikkim-to-siliguri
Sikkim,Ravangla (Sikkim) to Siliguri,https://www.redbus.in/bus-tickets/ravangla-sikkim-to-siliguri
Sikkim,Siliguri to Jorethang (Sikkim),https://www.redbus.in/bus-tickets/siliguri-to-jorethang-sikkim
Sikkim,Singtham (Sikkim) to Siliguri,https://www.redbus.in/bus-tickets/singtham-sikkim-to-siliguri
Sikkim,Siliguri to Singtham (Sikkim),https://www.redbus.in/bus-tickets/siliguri-to-singtham-sikkim
Sikkim,Siliguri to Namchi (Sikkim),https://www.redbus.in/bus-tickets/siliguri-to-namchi-sikkim
Sikkim,Siliguri to Ravangla (Sikkim),https://www.redbus.in/bus-tickets/siliguri-to-ravangla-sikkim
Sikkim,Jorethang (Sikkim) to Siliguri,https://www.redbus.in/bus-tickets/jorethang-sikkim-to-siliguri
Sikkim,Namchi (Sikkim) to Siliguri,https://www.redbus.in/bus-tickets/namchi-sikkim-to-siliguri
Sikkim,Siliguri to Melli (Sikkim),https://www.redbus.in/bus-tickets/siliguri-to-melli-sikkim
South Bengal,Burdwan to Kolkata,https://www.redbus.in/bus-tickets/burdwan-to-kolkata
South Bengal,Kolkata to Burdwan,https://www.redbus.in/bus-tickets/kolkata-to-burdwan
South Bengal,Durgapur (West Bengal) to Kolkata,https://www.redbus.in/bus-tickets/durgapur-to-kolkata
South Bengal,Kolkata to Haldia,https://www.redbus.in/bus-tickets/kolkata-to-haldia
South Bengal,Haldia to Kolkata,https://www.redbus.in/bus-tickets/haldia-to-kolkata
South Bengal,Kolkata to Durgapur (West Bengal),https://www.redbus.in/bus-tickets/kolkata-to-durgapur
South Bengal,Kolkata to Arambagh (West Bengal),https://www.redbus.in/bus-tickets/kolkata-to-arambagh-west-bengal
South Bengal,Digha to Kolkata,https://www.redbus.in/bus-tickets/digha-to-kolkata
South Bengal,Kolkata to Digha,https://www.redbus.in/bus-tickets/kolkata-to-digha
South Bengal,Kolkata to Bankura,https://www.redbus.in/bus-tickets/kolkata-to-bankura
South Bengal,Asansol (West Bengal) to Kolkata,https://www.redbus.in/bus-tickets/asansol-to-kolkata
South Bengal,Midnapore to Kolkata,https://www.redbus.in/bus-tickets/midnapore-to-kolkata
South Bengal,Kolkata to Asansol (West Bengal),https://www.redbus.in/bus-tickets/kolkata-to-asansol
South Bengal,Kolkata to Siliguri,https://www.redbus.in/bus-tickets/kolkata-to-siliguri
South Bengal,Kolkata to Nimtouri,https://www.redbus.in/bus-tickets/kolkata-to-nimtouri
South Bengal,Siliguri to Kolkata,https://www.redbus.in/bus-tickets/siliguri-to-kolkata
South Bengal,Kolkata to Contai (Kanthi),https://www.redbus.in/bus-tickets/kolkata-to-contai-kanthi
South Bengal,Digha to Durgapur (West Bengal),https://www.redbus.in/bus-tickets/digha-to-durgapur
South Bengal,Kolkata to Midnapore,https://www.redbus.in/bus-tickets/kolkata-to-midnapore
South Bengal,Kolkata to Nandakumar (west bengal),https://www.redbus.in/bus-tickets/kolkata-to-nandakumar
South Bengal,Kolkata to Mecheda (West Bengal),https://www.redbus.in/bus-tickets/kolkata-to-mecheda-west-bengal
South Bengal,Durgapur (West Bengal) to Digha,https://www.redbus.in/bus-tickets/durgapur-to-digha
South Bengal,Kolkata to Kolaghat,https://www.redbus.in/bus-tickets/kolkata-to-kolaghat
South Bengal,Jhargram to Kolkata,https://www.redbus.in/bus-tickets/jhargram-to-kolkata
South Bengal,Digha to Barasat (West Bengal),https://www.redbus.in/bus-tickets/digha-to-barasat-west-bengal
South Bengal,Durgapur (West Bengal) to Siliguri,https://www.redbus.in/bus-tickets/durgapur-to-siliguri
South Bengal,Midnapore to Barasat (West Bengal),https://www.redbus.in/bus-tickets/midnapore-to-barasat-west-bengal
South Bengal,Kolkata to Heria,https://www.redbus.in/bus-tickets/kolkata-to-heria
South Bengal,Kolkata to Chandipur (West Bengal),https://www.redbus.in/bus-tickets/kolkata-to-chandipur-west-bengal
South Bengal,Siliguri to Durgapur (West Bengal),https://www.redbus.in/bus-tickets/siliguri-to-durgapur
South Bengal,Berhampore (West Bengal) to Durgapur (West Bengal),https://www.redbus.in/bus-tickets/berhampore-to-durgapur
South Bengal,Berhampore (West Bengal) to Suri,https://www.redbus.in/bus-tickets/berhampore-to-suri
South Bengal,Barasat (West Bengal) to Digha,https://www.redbus.in/bus-tickets/barasat-west-bengal-to-digha
South Bengal,Kolkata to Futishanko,https://www.redbus.in/bus-tickets/kolkata-to-futishanko
South Bengal,Barasat (West Bengal) to Midnapore,https://www.redbus.in/bus-tickets/barasat-west-bengal-to-midnapore
South Bengal,Durgapur (West Bengal) to Berhampore (West Bengal),https://www.redbus.in/bus-tickets/durgapur-to-berhampore
South Bengal,Durgapur (West Bengal) to Malda,https://www.redbus.in/bus-tickets/durgapur-to-malda
South Bengal,Digha to Asansol (West Bengal),https://www.redbus.in/bus-tickets/digha-to-asansol
South Bengal,Kolkata to Ramnagar (West Bengal),https://www.redbus.in/bus-tickets/kolkata-to-ramnagar-west-bengal
South Bengal,Kolkata to Bajkul (West Bengal),https://www.redbus.in/bus-tickets/kolkata-to-bajkul-west-bengal
South Bengal,Kolkata to Kirnahar (West Bengal),https://www.redbus.in/bus-tickets/kolkata-to-kirnahar-west-bengal
South Bengal,Durgapur (West Bengal) to Bankura,https://www.redbus.in/bus-tickets/durgapur-to-bankura
South Bengal,Siliguri to Malda,https://www.redbus.in/bus-tickets/siliguri-to-malda
South Bengal,Kolkata to Suri,https://www.redbus.in/bus-tickets/kolkata-to-suri
South Bengal,Purulia to Durgapur (West Bengal),https://www.redbus.in/bus-tickets/purulia-to-durgapur
Telangana,Khammam to Hyderabad,https://www.redbus.in/bus-tickets/khammam-to-hyderabad
Telangana,Hyderabad to Vijayawada,https://www.redbus.in/bus-tickets/hyderabad-to-vijayawada
Telangana,Hyderabad to Khammam,https://www.redbus.in/bus-tickets/hyderabad-to-khammam
Telangana,Hyderabad to Srisailam,https://www.redbus.in/bus-tickets/hyderabad-to-srisailam
Telangana,Karimnagar to Hyderabad,https://www.redbus.in/bus-tickets/karimnagar-to-hyderabad
Telangana,Hyderabad to Nirmal,https://www.redbus.in/bus-tickets/hyderabad-to-nirmal
Telangana,Hyderabad to Mancherial,https://www.redbus.in/bus-tickets/hyderabad-to-mancherial
Telangana,Hyderabad to Adilabad,https://www.redbus.in/bus-tickets/hyderabad-to-adilabad
Telangana,Hyderabad to Karimnagar,https://www.redbus.in/bus-tickets/hyderabad-to-karimnagar
Telangana,Kothagudem to Hyderabad,https://www.redbus.in/bus-tickets/kothagudem-to-hyderabad
Telangana,Guntur (Andhra Pradesh) to Hyderabad,https://www.redbus.in/bus-tickets/guntur-to-hyderabad
Telangana,Godavarikhani to Hyderabad,https://www.redbus.in/bus-tickets/godavarikhani-to-hyderabad
Telangana,Kodad to Hyderabad,https://www.redbus.in/bus-tickets/kodad-to-hyderabad
Telangana,Hyderabad to Bhadrachalam,https://www.redbus.in/bus-tickets/hyderabad-to-bhadrachalam
Telangana,Hyderabad to Kothagudem,https://www.redbus.in/bus-tickets/hyderabad-to-kothagudem
Telangana,Jagityal to Hyderabad,https://www.redbus.in/bus-tickets/jagityal-to-hyderabad
Telangana,Hyderabad to Kurnool,https://www.redbus.in/bus-tickets/hyderabad-to-kurnool
Telangana,Hyderabad to Sathupally,https://www.redbus.in/bus-tickets/hyderabad-to-sathupalli
Telangana,Hyderabad to Armoor,https://www.redbus.in/bus-tickets/hyderabad-to-armoor
Telangana,Hyderabad to Godavarikhani,https://www.redbus.in/bus-tickets/hyderabad-to-godavarikhani
Telangana,Hyderabad to Anantapur (andhra pradesh),https://www.redbus.in/bus-tickets/hyderabad-to-ananthapur
Telangana,Hyderabad to Warangal,https://www.redbus.in/bus-tickets/hyderabad-to-warangal
Telangana,Hyderabad to Ongole,https://www.redbus.in/bus-tickets/hyderabad-to-ongole
Telangana,Hyderabad to Guntur (Andhra Pradesh),https://www.redbus.in/bus-tickets/hyderabad-to-guntur
Telangana,Kadapa to Hyderabad,https://www.redbus.in/bus-tickets/kadapa-to-hyderabad
Telangana,Hyderabad to Tirupati,https://www.redbus.in/bus-tickets/hyderabad-to-tirupathi
Uttar Pradesh,Bareilly to Delhi,https://www.redbus.in/bus-tickets/bareilly-to-delhi
Uttar Pradesh,Aligarh (uttar pradesh) to Delhi,https://www.redbus.in/bus-tickets/aligarh-uttar-pradesh-to-delhi
Uttar Pradesh,Delhi to Bareilly,https://www.redbus.in/bus-tickets/delhi-to-bareilly
Uttar Pradesh,Delhi to Aligarh (uttar pradesh),https://www.redbus.in/bus-tickets/delhi-to-aligarh-uttar-pradesh
Uttar Pradesh,Farrukhabad (Uttar Pradesh) to Delhi,https://www.redbus.in/bus-tickets/farrukhabad-up-to-delhi
Uttar Pradesh,Badaun to Delhi,https://www.redbus.in/bus-tickets/badaun-to-delhi
Uttar Pradesh,Lucknow to Allahabad,https://www.redbus.in/bus-tickets/lucknow-to-allahabad
Uttar Pradesh,Lucknow to Varanasi,https://www.redbus.in/bus-tickets/lucknow-to-varanasi
Uttar Pradesh,Delhi to Badaun,https://www.redbus.in/bus-tickets/delhi-to-badaun
Uttar Pradesh,Agra to Bareilly,https://www.redbus.in/bus-tickets/agra-to-bareilly
Uttar Pradesh,Allahabad to Lucknow,https://www.redbus.in/bus-tickets/allahabad-to-lucknow
Uttar Pradesh,Sitapur (Uttar Pradesh) to Delhi,https://www.redbus.in/bus-tickets/sitapur-to-delhi
Uttar Pradesh,Delhi to Farrukhabad (Uttar Pradesh),https://www.redbus.in/bus-tickets/delhi-to-farrukhabad-up
Uttar Pradesh,Moradabad to Delhi,https://www.redbus.in/bus-tickets/moradabad-to-delhi
Uttar Pradesh,Delhi to Haridwar,https://www.redbus.in/bus-tickets/delhi-to-haridwar
Uttar Pradesh,Delhi to Sitapur (Uttar Pradesh),https://www.redbus.in/bus-tickets/delhi-to-sitapur
Uttar Pradesh,Bareilly to Agra,https://www.redbus.in/bus-tickets/bareilly-to-agra
Uttar Pradesh,Agra to Lucknow,https://www.redbus.in/bus-tickets/agra-to-lucknow
Uttar Pradesh,Kanpur (Uttar Pradesh) to Jhansi,https://www.redbus.in/bus-tickets/kanpur-to-jhansi
Uttar Pradesh,Lucknow to Agra,https://www.redbus.in/bus-tickets/lucknow-to-agra
Uttar Pradesh,Varanasi to Lucknow,https://www.redbus.in/bus-tickets/varanasi-to-lucknow
Uttar Pradesh,Bareilly to Haridwar,https://www.redbus.in/bus-tickets/bareilly-to-haridwar
Uttar Pradesh,Delhi to Agra,https://www.redbus.in/bus-tickets/delhi-to-agra
Uttar Pradesh,Delhi to Shahjahanpur (Uttar Pradesh),https://www.redbus.in/bus-tickets/delhi-to-shahjahanpur
Uttar Pradesh,Agra to Delhi,https://www.redbus.in/bus-tickets/agra-to-delhi
Uttar Pradesh,Lucknow to Ballia,https://www.redbus.in/bus-tickets/lucknow-to-ballia
Uttar Pradesh,Bareilly to Dehradun,https://www.redbus.in/bus-tickets/bareilly-to-dehradun
Uttar Pradesh,Allahabad to Azamgarh,https://www.redbus.in/bus-tickets/allahabad-to-azamgarh
Uttar Pradesh,Kanpur (Uttar Pradesh) to Bareilly,https://www.redbus.in/bus-tickets/kanpur-to-bareilly
Uttar Pradesh,Lucknow to Ayodhya,https://www.redbus.in/bus-tickets/lucknow-to-ayodhya
Uttar Pradesh,Aligarh (uttar pradesh) to Lucknow,https://www.redbus.in/bus-tickets/aligarh-to-lucknow
Uttar Pradesh,Aligarh (uttar pradesh) to Agra,https://www.redbus.in/bus-tickets/aligarh-to-agra
Uttar Pradesh,Lucknow to Haridwar,https://www.redbus.in/bus-tickets/lucknow-to-haridwar
Uttar Pradesh,Lucknow to Kanpur (Uttar Pradesh),https://www.redbus.in/bus-tickets/lucknow-to-kanpur
Uttar Pradesh,Lucknow to Aligarh (uttar pradesh),https://www.redbus.in/bus-tickets/lucknow-to-aligarh
Uttar Pradesh,Delhi to Etah (Uttar Pradesh),https://www.redbus.in/bus-tickets/delhi-to-etah-up
Uttar Pradesh,Delhi to Kotdwar (Uttarakhand),https://www.redbus.in/bus-tickets/delhi-to-kotdwar
Uttar Pradesh,Allahabad to Varanasi,https://www.redbus.in/bus-tickets/allahabad-to-varanasi
Uttar Pradesh,Delhi to Moradabad,https://www.redbus.in/bus-tickets/delhi-to-moradabad
Uttar Pradesh,Varanasi to Allahabad,https://www.redbus.in/bus-tickets/varanasi-to-allahabad
Uttar Pradesh,Lucknow to Jaunpur,https://www.redbus.in/bus-tickets/lucknow-to-jaunpur
Uttar Pradesh,Aligarh (uttar pradesh) to Haridwar,https://www.redbus.in/bus-tickets/aligarh-to-haridwar
Uttar Pradesh,Shahjahanpur (Uttar Pradesh) to Delhi,https://www.redbus.in/bus-tickets/shahjahanpur-to-delhi
Uttar Pradesh,Lucknow to Azamgarh,https://www.redbus.in/bus-tickets/lucknow-to-azamgarh
Uttar Pradesh,Jaunpur to Lucknow,https://www.redbus.in/bus-tickets/jaunpur-to-lucknow
Uttar Pradesh,Kanpur (Uttar Pradesh) to Lucknow,https://www.redbus.in/bus-tickets/kanpur-to-lucknow
Uttar Pradesh,Agra to Haridwar,https://www.redbus.in/bus-tickets/agra-to-haridwar
Uttar Pradesh,Lucknow to Gorakhpur (uttar pradesh),https://www.redbus.in/bus-tickets/lucknow-to-gorakhpur
Uttar Pradesh,Delhi to Haldwani,https://www.redbus.in/bus-tickets/delhi-to-haldwani
North Bengal,Kolkata to Siliguri,https://www.redbus.in/bus-tickets/kolkata-to-siliguri
North Bengal,Siliguri to Kolkata,https://www.redbus.in/bus-tickets/siliguri-to-kolkata
North Bengal,Siliguri to Darjeeling,https://www.redbus.in/bus-tickets/siliguri-to-darjeeling
North Bengal,Kolkata to Raiganj,https://www.redbus.in/bus-tickets/kolkata-to-raiganj
North Bengal,Raiganj to Kolkata,https://www.redbus.in/bus-tickets/raiganj-to-kolkata
North Bengal,Kolkata to Malda,https://www.redbus.in/bus-tickets/kolkata-to-malda
North Bengal,Cooch Behar (West Bengal) to Berhampore (West Bengal),https://www.redbus.in/bus-tickets/cooch-behar-west-bengal-to-berhampore
North Bengal,Kolkata to Cooch Behar (West Bengal),https://www.redbus.in/bus-tickets/kolkata-to-cooch-behar-west-bengal
North Bengal,Malda to Kolkata,https://www.redbus.in/bus-tickets/malda-to-kolkata
North Bengal,Berhampore (West Bengal) to Cooch Behar (West Bengal),https://www.redbus.in/bus-tickets/berhampore-to-cooch-behar-west-bengal
North Bengal,Cooch Behar (West Bengal) to Kolkata,https://www.redbus.in/bus-tickets/cooch-behar-west-bengal-to-kolkata
North Bengal,Kolkata to Balurghat,https://www.redbus.in/bus-tickets/kolkata-to-balurghat
North Bengal,Berhampore (West Bengal) to Siliguri,https://www.redbus.in/bus-tickets/berhampore-to-siliguri
North Bengal,Siliguri to Berhampore (West Bengal),https://www.redbus.in/bus-tickets/siliguri-to-berhampore
North Bengal,Kolkata to Gangarampur,https://www.redbus.in/bus-tickets/kolkata-to-gangarampur
North Bengal,Siliguri to Kalimpong,https://www.redbus.in/bus-tickets/siliguri-to-kalimpong
North Bengal,Cooch Behar (West Bengal) to Malda,https://www.redbus.in/bus-tickets/cooch-behar-west-bengal-to-malda
North Bengal,Malda to Cooch Behar (West Bengal),https://www.redbus.in/bus-tickets/malda-to-cooch-behar-west-bengal
North Bengal,Balurghat to Kolkata,https://www.redbus.in/bus-tickets/balurghat-to-kolkata
North Bengal,Kolkata to Jalpaiguri,https://www.redbus.in/bus-tickets/kolkata-to-jalpaiguri
North Bengal,Kolkata to Islampur (West Bengal),https://www.redbus.in/bus-tickets/kolkata-to-islampur-west-bengal
North Bengal,Falakata (west bengal) to Berhampore (West Bengal),https://www.redbus.in/bus-tickets/falakata-to-berhampore
North Bengal,Kolkata to Falakata (west bengal),https://www.redbus.in/bus-tickets/kolkata-to-falakata
North Bengal,Cooch Behar (West Bengal) to Raiganj,https://www.redbus.in/bus-tickets/cooch-behar-west-bengal-to-raiganj
North Bengal,Siliguri to Cooch Behar (West Bengal),https://www.redbus.in/bus-tickets/siliguri-to-cooch-behar-west-bengal
North Bengal,Raiganj to Krishnanagar (West Bengal),https://www.redbus.in/bus-tickets/raiganj-to-krishnanagar
North Bengal,Raiganj to Siliguri,https://www.redbus.in/bus-tickets/raiganj-to-siliguri
North Bengal,Kolkata to Buniadpur,https://www.redbus.in/bus-tickets/kolkata-to-buniadpur
North Bengal,Gangarampur to Kolkata,https://www.redbus.in/bus-tickets/gangarampur-to-kolkata
North Bengal,Siliguri to Ranaghat,https://www.redbus.in/bus-tickets/siliguri-to-ranaghat
North Bengal,Siliguri to Krishnanagar (West Bengal),https://www.redbus.in/bus-tickets/siliguri-to-krishnanagar
North Bengal,Falakata (west bengal) to Kolkata,https://www.redbus.in/bus-tickets/falakata-to-kolkata
North Bengal,Kolkata to Farakka,https://www.redbus.in/bus-tickets/kolkata-to-farakka
North Bengal,Siliguri to Raiganj,https://www.redbus.in/bus-tickets/siliguri-to-raiganj
North Bengal,Kolkata to Dhupguri (West Bengal),https://www.redbus.in/bus-tickets/kolkata-to-dhupguri-west-bengal
North Bengal,Falakata (west bengal) to Malda,https://www.redbus.in/bus-tickets/falakata-to-malda
North Bengal,Kolkata to Gazole,https://www.redbus.in/bus-tickets/kolkata-to-gazole
North Bengal,Berhampore (West Bengal) to Falakata (west bengal),https://www.redbus.in/bus-tickets/berhampore-to-falakata
North Bengal,Balurghat to Siliguri,https://www.redbus.in/bus-tickets/balurghat-to-siliguri
North Bengal,Siliguri to Barasat (West Bengal),https://www.redbus.in/bus-tickets/siliguri-to-barasat-west-bengal
North Bengal,Kolkata to Maynaguri (West Bengal),https://www.redbus.in/bus-tickets/kolkata-to-maynaguri-west-bengal
North Bengal,Kolkata to Itahar (West Bengal),https://www.redbus.in/bus-tickets/kolkata-to-itahar-west-bengal
North Bengal,Cooch Behar (West Bengal) to Krishnanagar (West Bengal),https://www.redbus.in/bus-tickets/cooch-behar-west-bengal-to-krishnanagar
North Bengal,Cooch Behar (West Bengal) to Omarpur (West Bengal),https://www.redbus.in/bus-tickets/cooch-behar-west-bengal-to-omarpur-west-bengal
North Bengal,Berhampore (West Bengal) to Jalpaiguri,https://www.redbus.in/bus-tickets/berhampore-to-jalpaiguri
North Bengal,Malda to Siliguri,https://www.redbus.in/bus-tickets/malda-to-siliguri
North Bengal,Raiganj to Ranaghat,https://www.redbus.in/bus-tickets/raiganj-to-ranaghat
North Bengal,Cooch Behar (West Bengal) to Farakka,https://www.redbus.in/bus-tickets/cooch-behar-west-bengal-to-farakka
North Bengal,Cooch Behar (West Bengal) to Siliguri,https://www.redbus.in/bus-tickets/cooch-behar-west-bengal-to-siliguri
Chandigarh,Chandigarh to Delhi,https://www.redbus.in/bus-tickets/chandigarh-to-delhi
Chandigarh,Delhi to Chandigarh,https://www.redbus.in/bus-tickets/delhi-to-chandigarh
Chandigarh,Yamuna Nagar to Chandigarh,https://www.redbus.in/bus-tickets/yamuna-nagar-to-chandigarh
Chandigarh,Chandigarh to Shimla,https://www.redbus.in/bus-tickets/chandigarh-to-shimla
Chandigarh,Chandigarh to Vrindavan,https://www.redbus.in/bus-tickets/chandigarh-to-vrindavan
Chandigarh,Chandigarh to Yamuna Nagar,https://www.redbus.in/bus-tickets/chandigarh-to-yamuna-nagar
Chandigarh,Chandigarh to Sujanpur (himachal pradesh),https://www.redbus.in/bus-tickets/chandigarh-to-sujanpur
Chandigarh,Ludhiana to Chandigarh,https://www.redbus.in/bus-tickets/ludhiana-to-chandigarh
Chandigarh,Hamirpur (Himachal Pradesh) to Chandigarh,https://www.redbus.in/bus-tickets/hamirpur-himachal-pradesh-to-chandigarh
Chandigarh,Vrindavan to Chandigarh,https://www.redbus.in/bus-tickets/vrindavan-to-chandigarh
Chandigarh,Chandigarh to Hamirpur (Himachal Pradesh),https://www.redbus.in/bus-tickets/chandigarh-to-hamirpur-himachal-pradesh
Chandigarh,Sujanpur (himachal pradesh) to Chandigarh,https://www.redbus.in/bus-tickets/sujanpur-to-chandigarh
Chandigarh,Shimla to Chandigarh,https://www.redbus.in/bus-tickets/shimla-to-chandigarh
Chandigarh,Chandigarh to Ludhiana,https://www.redbus.in/bus-tickets/chandigarh-to-ludhiana
Chandigarh,Chandigarh to Dharamshala (Himachal Pradesh),https://www.redbus.in/bus-tickets/chandigarh-to-dharamshala
Chandigarh,Chandigarh to Dehradun,https://www.redbus.in/bus-tickets/chandigarh-to-dehradun
Chandigarh,Chandigarh to Baijnath,https://www.redbus.in/bus-tickets/chandigarh-to-baijnath
Chandigarh,Pathankot to Chandigarh,https://www.redbus.in/bus-tickets/pathankot-to-chandigarh
Chandigarh,Chandigarh to Haridwar,https://www.redbus.in/bus-tickets/chandigarh-to-haridwar
Chandigarh,Chandigarh to Pathankot,https://www.redbus.in/bus-tickets/chandigarh-to-pathankot
Chandigarh,Talwara to Chandigarh,https://www.redbus.in/bus-tickets/talwara-to-chandigarh
Chandigarh,Dehradun to Chandigarh,https://www.redbus.in/bus-tickets/dehradun-to-chandigarh
Chandigarh,Amritsar to Chandigarh,https://www.redbus.in/bus-tickets/amritsar-to-chandigarh
Chandigarh,Chandigarh to Rishikesh,https://www.redbus.in/bus-tickets/chandigarh-to-rishikesh
Chandigarh,Chandigarh to Talwara,https://www.redbus.in/bus-tickets/chandigarh-to-talwara
Chandigarh,Chandigarh to Dinanagar (punjab),https://www.redbus.in/bus-tickets/chandigarh-to-dinanagar-punjab
Chandigarh,Dinanagar (punjab) to Chandigarh,https://www.redbus.in/bus-tickets/dinanagar-punjab-to-chandigarh
Chandigarh,Rishikesh to Chandigarh,https://www.redbus.in/bus-tickets/rishikesh-to-chandigarh
Chandigarh,Chandigarh to Amritsar,https://www.redbus.in/bus-tickets/chandigarh-to-amritsar
Chandigarh,Chandigarh to Agra,https://www.redbus.in/bus-tickets/chandigarh-to-agra
Chandigarh,Dharamshala (Himachal Pradesh) to Chandigarh,https://www.redbus.in/bus-tickets/dharamshala-to-chandigarh
Chandigarh,Chandigarh to Katra (jammu and kashmir),https://www.redbus.in/bus-tickets/chandigarh-to-katra
Chandigarh,Hisar (Haryana) to Chandigarh,https://www.redbus.in/bus-tickets/hisar-haryana-to-chandigarh
Chandigarh,Rohtak to Chandigarh,https://www.redbus.in/bus-tickets/rohtak-to-chandigarh
Chandigarh,Chandigarh to Una (Himachal Pradesh),https://www.redbus.in/bus-tickets/chandigarh-to-una
Chandigarh,Chandigarh to Jammu (j and k),https://www.redbus.in/bus-tickets/chandigarh-to-jammu
Chandigarh,Chandigarh to Rohtak,https://www.redbus.in/bus-tickets/chandigarh-to-rohtak
Chandigarh,Chandigarh to Manali,https://www.redbus.in/bus-tickets/chandigarh-to-manali
Chandigarh,Chandigarh to Haldwani,https://www.redbus.in/bus-tickets/chandigarh-to-haldwani
Chandigarh,Jawala Ji to Chandigarh,https://www.redbus.in/bus-tickets/jawala-ji-to-chandigarh
Chandigarh,Agra to Chandigarh,https://www.redbus.in/bus-tickets/agra-to-chandigarh
Chandigarh,Jammu (j and k) to Chandigarh,https://www.redbus.in/bus-tickets/jammu-to-chandigarh
Chandigarh,Chandigarh to Hisar (Haryana),https://www.redbus.in/bus-tickets/chandigarh-to-hisar-haryana
Chandigarh,Chandigarh to Kathgodam,https://www.redbus.in/bus-tickets/chandigarh-to-kathgodam
Chandigarh,Haridwar to Chandigarh,https://www.redbus.in/bus-tickets/haridwar-to-chandigarh
Chandigarh,Katra (jammu and kashmir) to Chandigarh,https://www.redbus.in/bus-tickets/katra-to-chandigarh
Chandigarh,Baijnath to Chandigarh,https://www.redbus.in/bus-tickets/baijnath-to-chandigarh
Chandigarh,Narnaul to Chandigarh,https://www.redbus.in/bus-tickets/narnaul-to-chandigarh
Chandigarh,Chandigarh to Jawala Ji,https://www.redbus.in/bus-tickets/chandigarh-to-jawala-ji
